{
    "classifier_type": "delta",
    "hidden_dim": 1024,
    "num_layers": 6,
    "dropout": 0.13123101867893097,
    "batch_size": 64,
    "learning_rate": 0.0002549397523360296,
    "weight_decay": 0.00014532881715448808,
    "optimizer": "AdamW",
    "scheduler": "step",
    "num_epochs": 30,
    "patience": 5,
    "rank": 2,
    "steps": 4
}